Lobster Spinach Queso,19.15,Firebirds Wood Fired Grill
Bacon Deviled Eggs,14.50,Firebirds Wood Fired Grill
Ranch Rings,13.75,Firebirds Wood Fired Grill
Philly Cheesesteak Egg Rolls,18.50,Firebirds Wood Fired Grill
Smoked Chicken Wings,18.85,Firebirds Wood Fired Grill
Seared Ahi Tuna*,22.50,Firebirds Wood Fired Grill
Wood Grilled Chimichurri Shrimp,17.25,Firebirds Wood Fired Grill
Chicken Tortilla Soup (Cup),8.00,Firebirds Wood Fired Grill
Chicken Tortilla Soup (Bowl),9.00,Firebirds Wood Fired Grill
Firebirds Chili (Cup),8.00,Firebirds Wood Fired Grill
Firebirds Chili (Bowl),9.00,Firebirds Wood Fired Grill
Three Courses,39.95,Firebirds Wood Fired Grill
Filet Mignon* (7 oz.),38.95,Firebirds Wood Fired Grill
Filet Mignon* (9 oz.),41.95,Firebirds Wood Fired Grill
Aged Ribeye* (12 oz.),38.95,Firebirds Wood Fired Grill
Aged Ribeye* (16 oz.),46.50,Firebirds Wood Fired Grill
Roasted Garlic Sirloin* (10 oz.),28.95,Firebirds Wood Fired Grill
Filet & Shrimp* (7 oz.),45.95,Firebirds Wood Fired Grill
Filet & Shrimp* (9 oz.),49.95,Firebirds Wood Fired Grill
Surf & Turf* (7 oz.),68.55,Firebirds Wood Fired Grill
Surf & Turf* (9 oz.),72.55,Firebirds Wood Fired Grill
Cajun Ribeye* (12 oz.),40.95,Firebirds Wood Fired Grill
Cajun Ribeye* (16 oz.),48.50,Firebirds Wood Fired Grill
Wood Grilled NY Strip* (14 oz.),35.95,Firebirds Wood Fired Grill
Slow Roasted Prime Rib*,41.95,Firebirds Wood Fired Grill
Butcher's Meatloaf,26.95,Firebirds Wood Fired Grill
Tomahawk Pork Chop,30.75,Firebirds Wood Fired Grill
Wood Grilled Salmon*,33.70,Firebirds Wood Fired Grill
Lobster Fondue Salmon*,37.50,Firebirds Wood Fired Grill
Baja Shrimp Pasta,29.95,Firebirds Wood Fired Grill
Chilean Sea Bass,39.95,Firebirds Wood Fired Grill
Honey Garlic Chicken,24.45,Firebirds Wood Fired Grill
Parmesan Crusted Chicken,26.85,Firebirds Wood Fired Grill
Firebirds Chicken Pasta,25.55,Firebirds Wood Fired Grill
Baby Back Ribs (Full),31.50,Firebirds Wood Fired Grill
Roasted Chicken,27.95,Firebirds Wood Fired Grill
Steak Penne*,27.95,Firebirds Wood Fired Grill
Durango Burger*,18.95,Firebirds Wood Fired Grill
Cheeseburger*,18.25,Firebirds Wood Fired Grill
Add bacon,2.00,Firebirds Wood Fired Grill
Smokehouse Burger*,19.25,Firebirds Wood Fired Grill
Hot Honey Chicken Sandwich,18.75,Firebirds Wood Fired Grill
Colorado Chicken Salad,19.95,Firebirds Wood Fired Grill
Grilled Tenderloin Salad*,27.95,Firebirds Wood Fired Grill
Ahi Tuna Superfoods Salad*,24.75,Firebirds Wood Fired Grill
Grilled Salmon Salad*,22.95,Firebirds Wood Fired Grill
Add Chile Rub,2.00,Firebirds Wood Fired Grill
Spinach & Salmon Salad*,24.75,Firebirds Wood Fired Grill
Grilled Shrimp & Strawberry Salad,21.55,Firebirds Wood Fired Grill
Mixed Greens Salad,13.75,Firebirds Wood Fired Grill
BLT Salad,13.75,Firebirds Wood Fired Grill
Caesar Salad,13.75,Firebirds Wood Fired Grill
Fresh Vegetables,6.95,Firebirds Wood Fired Grill
Broccoli,6.95,Firebirds Wood Fired Grill
Loaded Baked Potato,6.95,Firebirds Wood Fired Grill
Parmesan Mashed Potatoes,6.95,Firebirds Wood Fired Grill
Seasoned Steak Fries,6.95,Firebirds Wood Fired Grill
Tater Tots,6.95,Firebirds Wood Fired Grill
Cider Slaw,6.95,Firebirds Wood Fired Grill
Fresh Fruit,6.95,Firebirds Wood Fired Grill
Seasonal Grain Pilaf,6.95,Firebirds Wood Fired Grill
Side Entree (Choose any 3 sides),18.50,Firebirds Wood Fired Grill
Southwest Au Gratin Potatoes,7.95,Firebirds Wood Fired Grill
Port Mushrooms,7.95,Firebirds Wood Fired Grill
Grilled Street Corn,7.95,Firebirds Wood Fired Grill
Charred Carrots,7.95,Firebirds Wood Fired Grill
Creme Brulée Cheesecake,10.75,Firebirds Wood Fired Grill
Chocolate Brownie Sundae,10.75,Firebirds Wood Fired Grill
Big Daddy Chocolate Cake,11.95,Firebirds Wood Fired Grill
Carrot Cake,10.75,Firebirds Wood Fired Grill
5 Layer Lemon Cake,10.75,Firebirds Wood Fired Grill
Double Black Diamond Martini,12.50,Firebirds Wood Fired Grill
Lemonade Drop,12.00,Firebirds Wood Fired Grill
Dirty Bird,13.00,Firebirds Wood Fired Grill
Siesta Sangria,12.75,Firebirds Wood Fired Grill
Firebirds Perfect Margarita,13.00,Firebirds Wood Fired Grill
Moscow Mule,12.50,Firebirds Wood Fired Grill
Charred Pineapple Agua Fresca,5.95,Firebirds Wood Fired Grill
Mint Condition,5.95,Firebirds Wood Fired Grill
Main Squeeze,5.95,Firebirds Wood Fired Grill
Quesabirrias de Res,14.99,La Buena Vida - Raleigh
Birria Quesadilla,14.99,La Buena Vida - Raleigh
Chicken Rolls,9.99,La Buena Vida - Raleigh
Cheese Dip,7.99,La Buena Vida - Raleigh
Bigmak Tacos,9.99,La Buena Vida - Raleigh
Octopus Aguachile,16.99,La Buena Vida - Raleigh
Arrachera Aguachile,17.99,La Buena Vida - Raleigh
Chicken Rolls,9.99,La Buena Vida - Raleigh
Cheese Dip,7.99,La Buena Vida - Raleigh
Chicken wings,12.99,La Buena Vida - Raleigh
Corn on the cob,4.99,La Buena Vida - Raleigh
Birria rolls,11.99,La Buena Vida - Raleigh
Guacamole,10.99,La Buena Vida - Raleigh
Empanadas De Camaron,14.99,La Buena Vida - Raleigh
Empanadas De Tinga,13.99,La Buena Vida - Raleigh
Camarones Roca,14.99,La Buena Vida - Raleigh
Taquitos Ahogados,9.99,La Buena Vida - Raleigh
Brussel Sprouts,9.99,La Buena Vida - Raleigh
Queso Fundido Gobernador,14.99,La Buena Vida - Raleigh
Gambas Al Ajillo,17.99,La Buena Vida - Raleigh
Chorizo Dip,9.99,La Buena Vida - Raleigh
Taquitos Buena Vida,13.99,La Buena Vida - Raleigh
Birria Quesadilla,14.99,La Buena Vida - Raleigh
Chimichanga,14.99,La Buena Vida - Raleigh
Buena Vida Burrito,16.99,La Buena Vida - Raleigh
ACP,0.00,La Buena Vida - Raleigh
Fajitas,0.00,La Buena Vida - Raleigh
Choripollo,14.99,La Buena Vida - Raleigh
Quesadilla,14.99,La Buena Vida - Raleigh
Fajita Quesadilla,15.99,La Buena Vida - Raleigh
Nachos,18.99,La Buena Vida - Raleigh
Rib eye Asada Burrito,18.99,La Buena Vida - Raleigh
Quesabirrias de Res,14.99,La Buena Vida - Raleigh
Steak Tacos,18.99,La Buena Vida - Raleigh
Pork Belly Tacos,17.99,La Buena Vida - Raleigh
Carnitas Tacos,14.99,La Buena Vida - Raleigh
Agave Chicken Tacos,14.99,La Buena Vida - Raleigh
Tacos Camaron,15.99,La Buena Vida - Raleigh
Tinga Tacos,11.99,La Buena Vida - Raleigh
Tacos Pastor,14.99,La Buena Vida - Raleigh
Tacos de Red Snapper,18.00,La Buena Vida - Raleigh
Tacos Smokey Asada,17.99,La Buena Vida - Raleigh
Tacos Buchon,19.99,La Buena Vida - Raleigh
Taco Rib Eye,17.99,La Buena Vida - Raleigh
Veggies Tacos,13.99,La Buena Vida - Raleigh
Tacos Pescado,18.99,La Buena Vida - Raleigh
Fried Avocado Tacos,16.99,La Buena Vida - Raleigh
Costra Tacos,19.99,La Buena Vida - Raleigh
Chicken Soup,7.00,La Buena Vida - Raleigh
Ensalada Cesar,10.99,La Buena Vida - Raleigh
Enchiladas Trio,14.99,La Buena Vida - Raleigh
Pasta De Poblano,18.99,La Buena Vida - Raleigh
Chilaquiles,17.99,La Buena Vida - Raleigh
Steak A La Mexicana,20.99,La Buena Vida - Raleigh
Enchiladas De Langosta,19.99,La Buena Vida - Raleigh
Pasta De Langosta,33.99,La Buena Vida - Raleigh
Tiras De Pollo,15.99,La Buena Vida - Raleigh
Enchiladas Verdes,14.99,La Buena Vida - Raleigh
Molcajete Presidencial,28.99,La Buena Vida - Raleigh
Platano Relleno,18.99,La Buena Vida - Raleigh
Plato Carnitas,15.99,La Buena Vida - Raleigh
Wagyu Hamburger Buena Vida,18.99,La Buena Vida - Raleigh
Enchiladas Chipotle,14.99,La Buena Vida - Raleigh
Flautas,15.99,La Buena Vida - Raleigh
Chicken Waffle Sandwich,15.99,La Buena Vida - Raleigh
Molcajete Del Mar,38.99,La Buena Vida - Raleigh
Ceviche Tropical,19.99,La Buena Vida - Raleigh
Ceviche Buena Vida,19.99,La Buena Vida - Raleigh
Aguachile De Camaron,17.99,La Buena Vida - Raleigh
Coctel Camaron,18.99,La Buena Vida - Raleigh
Camarones Al Coco,18.99,La Buena Vida - Raleigh
Aguachile Mixto,19.99,La Buena Vida - Raleigh
Ceviche Tulum,15.99,La Buena Vida - Raleigh
Mojarra Frita,19.99,La Buena Vida - Raleigh
SALMON FRESCO (Tropical),25.99,La Buena Vida - Raleigh
Coca-Cola,3.25,La Buena Vida - Raleigh
Sprite,3.25,La Buena Vida - Raleigh
Diet Coke,3.25,La Buena Vida - Raleigh
Coca-Cola Zero Sugar,3.25,La Buena Vida - Raleigh
Mexican Coke,5.50,La Buena Vida - Raleigh
Topo Chico,4.50,La Buena Vida - Raleigh
Agua Fresca,4.99,La Buena Vida - Raleigh
Pink Lemonade,3.25,La Buena Vida - Raleigh
Dr Pepper,3.25,La Buena Vida - Raleigh
Fanta,3.25,La Buena Vida - Raleigh
Mtn Dew,3.25,La Buena Vida - Raleigh
Sweet Tea,3.25,La Buena Vida - Raleigh
Unsweet Tea,3.25,La Buena Vida - Raleigh
Red Bull,7.00,La Buena Vida - Raleigh
Fevertree Ginger Ale,4.00,La Buena Vida - Raleigh
Jugo Pina,5.00,La Buena Vida - Raleigh
Bottled Water,5.00,La Buena Vida - Raleigh
Pina Colada Virgen,11.50,La Buena Vida - Raleigh
Fevertree Ginger Beer,4.00,La Buena Vida - Raleigh
Cranberry Juice,5.99,La Buena Vida - Raleigh
Cafe Americano,3.99,La Buena Vida - Raleigh
Orange Juice,5.99,La Buena Vida - Raleigh
Cafe Espresso,3.99,La Buena Vida - Raleigh
Cafe de Olla,3.99,La Buena Vida - Raleigh
Buñuelos,7.99,La Buena Vida - Raleigh
Strawberry tres leches,9.99,La Buena Vida - Raleigh
Churros,14.99,La Buena Vida - Raleigh
Tres Leches,8.99,La Buena Vida - Raleigh
Platano Frito,7.99,La Buena Vida - Raleigh
Churro Waffle,9.99,La Buena Vida - Raleigh
Flan,8.99,La Buena Vida - Raleigh
celebration cake,35.00,La Buena Vida - Raleigh
Bola de Nieve,7.99,La Buena Vida - Raleigh
Rainbow Ice cream,9.99,La Buena Vida - Raleigh
Side Cheese Dip (4oz),4.00,La Buena Vida - Raleigh
Arroz,3.99,La Buena Vida - Raleigh
side Guacamole,3.50,La Buena Vida - Raleigh
Frijoles,3.99,La Buena Vida - Raleigh
Chips,2.00,La Buena Vida - Raleigh
Side House Salad,7.00,La Buena Vida - Raleigh
Side De Salsa De Chips (4oz),2.49,La Buena Vida - Raleigh
Side De Chicharron,3.00,La Buena Vida - Raleigh
Side Grilled Veggies,5.99,La Buena Vida - Raleigh
side Papas Fritas,3.00,La Buena Vida - Raleigh
Side Steak,8.00,La Buena Vida - Raleigh
Side Camarones (6),8.00,La Buena Vida - Raleigh
side Sour Cream,1.25,La Buena Vida - Raleigh
side Chipotle Mayo,1.25,La Buena Vida - Raleigh
side Aguacate,3.50,La Buena Vida - Raleigh
Tortillas,1.00,La Buena Vida - Raleigh
Side De Carnitas (8 Onzas),6.00,La Buena Vida - Raleigh
side pico de gallo,1.50,La Buena Vida - Raleigh
Side De Jalapeno Fresco,2.00,La Buena Vida - Raleigh
Side Bacon,3.00,La Buena Vida - Raleigh
Side Crema Salad,2.00,La Buena Vida - Raleigh
side Onions,1.00,La Buena Vida - Raleigh
Pan De Ajo,1.00,La Buena Vida - Raleigh
Side De Tostadas,1.00,La Buena Vida - Raleigh
side Queso Rallado,1.50,La Buena Vida - Raleigh
Side De Platano,5.99,La Buena Vida - Raleigh
Chiles Toreados,2.00,La Buena Vida - Raleigh
Side Milanesa,6.00,La Buena Vida - Raleigh
Side Grilled Chicken,6.00,La Buena Vida - Raleigh
Side De Lechuga,0.85,La Buena Vida - Raleigh
Side  De Plantain Chips,3.45,La Buena Vida - Raleigh
Side De Ranch (2 Oz),1.25,La Buena Vida - Raleigh
Side De Tomate Picado,1.00,La Buena Vida - Raleigh
Side Consome,3.99,La Buena Vida - Raleigh
side chimichurri,2.00,La Buena Vida - Raleigh
Quesadilla (pa nino),7.99,La Buena Vida - Raleigh
Chicken Nuggets & fries,7.99,La Buena Vida - Raleigh
Mini Peperoni Pizza,7.99,La Buena Vida - Raleigh
kids ACP,7.99,La Buena Vida - Raleigh
Kids Mac&Cheese & Fries,7.99,La Buena Vida - Raleigh
Kids Tacos,7.99,La Buena Vida - Raleigh
Kids Cheese Hamburguesa,9.99,La Buena Vida - Raleigh
Kids Chicken Sandwich,8.99,La Buena Vida - Raleigh
Kids Drink,0.99,La Buena Vida - Raleigh
Hummus (v),$13.00,Parkside Restaurant
Housemade Pimento Cheese (v),$12.00,Parkside Restaurant
Fried Pickle Spears (v),$10.00,Parkside Restaurant
Baked Pretzel (v),$12.00,Parkside Restaurant
Loaded Tots,$10.00,Parkside Restaurant
Short Rib Poutine,$18.00,Parkside Restaurant
Chicken Wings (5),$10.00,Parkside Restaurant
Chicken Wings (10),$16.00,Parkside Restaurant
Fried Cheese Ravioli (v),$10.00,Parkside Restaurant
Jalapeño and Bacon Deviled Eggs,$6.00,Parkside Restaurant
Steakhouse Salad,$19.00,Parkside Restaurant
Vegetable Bowl (v,gf),$15.00,Parkside Restaurant
Chef (gf),$18.00,Parkside Restaurant
Mediterranean Bowl (v,gf),$16.00,Parkside Restaurant
Fruit Power Bowl (v,gf),$16.00,Parkside Restaurant
Blackened Chicken Caesar,$17.00,Parkside Restaurant
Add Chicken,$6.00,Parkside Restaurant
Add Shrimp,$8.00,Parkside Restaurant
Add Salmon,$8.00,Parkside Restaurant
Add Steak,$11.00,Parkside Restaurant
Chunky Avocado,$3.00,Parkside Restaurant
Parkside Burger *,$18.00,Parkside Restaurant
Cheese Burger *,$14.00,Parkside Restaurant
Prime Rib Burger *,$17.00,Parkside Restaurant
Mushroom Swiss Burger,$16.00,Parkside Restaurant
Firehouse 1 Burger,$15.00,Parkside Restaurant
Chicken & Waffle Sandwich,$16.00,Parkside Restaurant
The Club,$16.00,Parkside Restaurant
Fried Buffalo Chicken Sandwich,$17.00,Parkside Restaurant
Grilled Chicken Sandwich,$15.00,Parkside Restaurant
Classic Chicken,$14.00,Parkside Restaurant
Turkey,Apple,Brie,$15.00,Parkside Restaurant
B.L.T.,$13.00,Parkside Restaurant
Auntie Nessa,$13.00,Parkside Restaurant
French Dip *,$16.00,Parkside Restaurant
Short Rib Melt,$18.00,Parkside Restaurant
Gluten Free Bun (sub),$3.00,Parkside Restaurant
Black Bean Burger (sub),$1.00,Parkside Restaurant
Meatless Chicken (sub),$2.00,Parkside Restaurant
Steakhouse Salad Wrap,$19.00,Parkside Restaurant
Southwestern Chicken Wrap,$16.00,Parkside Restaurant
Blackened Salmon Caesar Wrap,$17.00,Parkside Restaurant
Veggie Wrap,$15.00,Parkside Restaurant
Small Parkside or Caesar Salad,$3.00,Parkside Restaurant
Chicken Broccoli Alfredo,$22.00,Parkside Restaurant
Penne Ala Vodka,$20.00,Parkside Restaurant
Shrimp & Grits,$24.00,Parkside Restaurant
Fish and Chips,$19.00,Parkside Restaurant
Braised Short Rib Stroganoff,$24.00,Parkside Restaurant
Mom's Meatloaf,$19.00,Parkside Restaurant
Bone in Pork Chop,$24.00,Parkside Restaurant
Steak Frites,$27.00,Parkside Restaurant
Country Fried Steak,$28.00,Parkside Restaurant
NC Bone In Pork Chop (gf),$28.00,Parkside Restaurant
NC Ribeye,$32.00,Parkside Restaurant
Center Cut Top Sirloin Steak (gf),$27.00,Parkside Restaurant
NC Chicken Breast,$24.00,Parkside Restaurant
Baked Haddock,$24.00,Parkside Restaurant
Mashed Potatoes,$4.50,Parkside Restaurant
Slaw,$4.50,Parkside Restaurant
Tater Tots,$4.50,Parkside Restaurant
Park-Side Salad,$4.50,Parkside Restaurant
Green Beans,$4.50,Parkside Restaurant
Tomato Bisque,$5.50,Parkside Restaurant
Broccoli,$4.50,Parkside Restaurant
Macaroni and Cheese,$5.50,Parkside Restaurant
French Fries,$4.50,Parkside Restaurant
Buttered Corn,$4.50,Parkside Restaurant
Grits,$4.50,Parkside Restaurant
Pimento Cheese and Fried Saltines,$12.00,Parkside Restaurant
Hummus Plate,$13.00,Parkside Restaurant
Bananas Foster Challah French Toast,$16.00,Parkside Restaurant
Fried Pork Chop With Waffle,$19.00,Parkside Restaurant
Biscuit & Chorizo Gravy,$15.00,Parkside Restaurant
Fried Chicken Biscuit Bowl,$18.00,Parkside Restaurant
Prime Rib Scramble Bowl,$20.00,Parkside Restaurant
Braised Boneless Short Rib Benedict,$19.00,Parkside Restaurant
Breakfast Burrito,$16.00,Parkside Restaurant
Sweet Waffles,$14.00,Parkside Restaurant
Brunch Burger,$18.00,Parkside Restaurant
Buffalo Fried Chicken Sandwich,$17.00,Parkside Restaurant
Cheese Grits,$4.50,Parkside Restaurant
Tomato Bisque,$4.50,Parkside Restaurant
Tater Tot Hash,$4.50,Parkside Restaurant
Bacon,$3.00,Parkside Restaurant
Buttermilk Biscuit,$3.25,Parkside Restaurant
Sourdough Toast,$3.00,Parkside Restaurant
Mixed Berries,$5.00,Parkside Restaurant
Mimosa Flight,$22.00,Parkside Restaurant
Spicy Bloody Mary,$10.00,Parkside Restaurant
Mason,$7.00,Parkside Restaurant
Mary,$7.00,Parkside Restaurant
Mimosa,$5.00,Parkside Restaurant
Chicken n Waffles,$12.99,Raleigh Soul Kitchen
Soul Wings Platter (Fried),$13.99,Raleigh Soul Kitchen
Hennessy Hot Honey Wings,$15.99,Raleigh Soul Kitchen
Casamigos Sweet Chili Lime Wings,$15.99,Raleigh Soul Kitchen
Sticky Ribs,$12.99,Raleigh Soul Kitchen
Fried Pork Chops,$12.99,Raleigh Soul Kitchen
Southern Fried Catfish Platter,$12.99,Raleigh Soul Kitchen
Fried Shrimp Platter,$14.99,Raleigh Soul Kitchen
Fried Salmon rice bowl,$14.99,Raleigh Soul Kitchen
Fried Salmon Platter,$17.99,Raleigh Soul Kitchen
Jerk Chicken Plate,$11.99,Raleigh Soul Kitchen
Oxtail Plate,$21.99,Raleigh Soul Kitchen
Oxtail Rasta Pasta,$20.99,Raleigh Soul Kitchen
Collard Greens,$3.99,Raleigh Soul Kitchen
Mac n Cheese,$4.99,Raleigh Soul Kitchen
Rice and Peas,$3.99,Raleigh Soul Kitchen
French Fries,$3.99,Raleigh Soul Kitchen
Yellow Rice,$3.99,Raleigh Soul Kitchen
Yams,$4.99,Raleigh Soul Kitchen
Cabbage,$3.99,Raleigh Soul Kitchen
6 Wings,$9.50,Raleigh Soul Kitchen
Side Sticky Ribs,$8.50,Raleigh Soul Kitchen
Side Oxtail,$13.99,Raleigh Soul Kitchen
Honey Butter Cornbread (1 Piece),$1.99,Raleigh Soul Kitchen
Catfish (1 Piece),$5.50,Raleigh Soul Kitchen
Side Shrimp (10),$9.50,Raleigh Soul Kitchen
Oxtail (Half Tray),$240.00,Raleigh Soul Kitchen
Oxtail (Full Tray),$375.00,Raleigh Soul Kitchen
Jerk Chicken (Half Tray),$85.00,Raleigh Soul Kitchen
Jerk Chicken (Full Tray),$160.00,Raleigh Soul Kitchen
Fried or Blackened Salmon (Half Tray),$175.00,Raleigh Soul Kitchen
Fried or Blackened Salmon (Full Tray),$265.00,Raleigh Soul Kitchen
Fried Pork Chops (Half Tray),$85.00,Raleigh Soul Kitchen
Fried Pork Chops (Full Tray),$160.00,Raleigh Soul Kitchen
Fried Shrimp (Half Tray),$165.00,Raleigh Soul Kitchen
Fried Shrimp (Full Tray),$255.00,Raleigh Soul Kitchen
Turkey Wings (Half Tray),$85.00,Raleigh Soul Kitchen
Turkey Wings (Full Tray),$160.00,Raleigh Soul Kitchen
Soul Wings (Half Tray),$115.00,Raleigh Soul Kitchen
Soul Wings (Full Tray),$170.00,Raleigh Soul Kitchen
Mac N Cheese (Half Tray),$50.00,Raleigh Soul Kitchen
Mac N Cheese (Full Tray),$90.00,Raleigh Soul Kitchen
Collard Greens (Half Tray),$40.00,Raleigh Soul Kitchen
Collard Greens (Full Tray),$75.00,Raleigh Soul Kitchen
Rice & Peas (Half Tray),$40.00,Raleigh Soul Kitchen
Rice & Peas (Full Tray),$75.00,Raleigh Soul Kitchen
Yellow Rice (Half Tray),$40.00,Raleigh Soul Kitchen
Yellow Rice (Full Tray),$75.00,Raleigh Soul Kitchen
Cabbage (Half Tray),$40.00,Raleigh Soul Kitchen
Cabbage (Full Tray),$75.00,Raleigh Soul Kitchen
Potato Salad (Half Tray),$45.00,Raleigh Soul Kitchen
Potato Salad (Full Tray),$85.00,Raleigh Soul Kitchen
Yams (Half Tray),$50.00,Raleigh Soul Kitchen
Yams (Full Tray),$95.00,Raleigh Soul Kitchen
Waffle Fries (Half Tray),$45.00,Raleigh Soul Kitchen
Waffle Fries (Full Tray),$85.00,Raleigh Soul Kitchen
Honey Butter Cornbread (20 Pieces),$25.00,Raleigh Soul Kitchen
Honey Butter Cornbread (40 Pieces),$45.00,Raleigh Soul Kitchen
Peach Cobbler Egg Rolls (20 pieces),$75.00,Raleigh Soul Kitchen
Sweet Potato Pound Cake Muffins (12 muffins),$70.00,Raleigh Soul Kitchen
Red Velvet Cake Cookies (24 cookies),$65.00,Raleigh Soul Kitchen
Sweet Tea (Gallon),$12.00,Raleigh Soul Kitchen
Lemonade (Gallon),$15.00,Raleigh Soul Kitchen
Fried Black Eyed Peas,8.00,Relish Craft Kitchen & Bourbon Bar
Pimento Cheese & Crackers,11.00,Relish Craft Kitchen & Bourbon Bar
Salsa Flight,11.00,Relish Craft Kitchen & Bourbon Bar
Fried Pickles,12.50,Relish Craft Kitchen & Bourbon Bar
House Fried Potato Chips,11.00,Relish Craft Kitchen & Bourbon Bar
BBQ Nachos,16.00,Relish Craft Kitchen & Bourbon Bar
Cheese Fries,14.50,Relish Craft Kitchen & Bourbon Bar
Buffalo Wings,17.00,Relish Craft Kitchen & Bourbon Bar
Fried Green Tomatoes,12.00,Relish Craft Kitchen & Bourbon Bar
Pimento Cheese Fritters,10.50,Relish Craft Kitchen & Bourbon Bar
Fried Brussels Sprouts,10.00,Relish Craft Kitchen & Bourbon Bar
The Big Cheese,17.00,Relish Craft Kitchen & Bourbon Bar
The Italian,16.50,Relish Craft Kitchen & Bourbon Bar
The Parisian,17.00,Relish Craft Kitchen & Bourbon Bar
The Wisconsin,16.50,Relish Craft Kitchen & Bourbon Bar
The Carolinian,17.00,Relish Craft Kitchen & Bourbon Bar
The Mediterranean,17.00,Relish Craft Kitchen & Bourbon Bar
BL & GREEN T,17.00,Relish Craft Kitchen & Bourbon Bar
Pastrami Reuben,18.00,Relish Craft Kitchen & Bourbon Bar
Turkey Reuben,18.00,Relish Craft Kitchen & Bourbon Bar
Pulled Pork BBQ,17.50,Relish Craft Kitchen & Bourbon Bar
Tuna Melt,18.50,Relish Craft Kitchen & Bourbon Bar
Chicken Salad Sandwich,18.00,Relish Craft Kitchen & Bourbon Bar
California Turkey Wrap,18.00,Relish Craft Kitchen & Bourbon Bar
Buffalo Wrap,18.00,Relish Craft Kitchen & Bourbon Bar
Relish Shrimp Burger,19.00,Relish Craft Kitchen & Bourbon Bar
Black Bean Burger,17.00,Relish Craft Kitchen & Bourbon Bar
The Classic (Mac & Cheese Skillet),16.50,Relish Craft Kitchen & Bourbon Bar
Alfredo Mac,17.50,Relish Craft Kitchen & Bourbon Bar
Italian Mac,17.50,Relish Craft Kitchen & Bourbon Bar
Mexican Mac,18.00,Relish Craft Kitchen & Bourbon Bar
Cajun Mac,18.00,Relish Craft Kitchen & Bourbon Bar
French Mac,18.00,Relish Craft Kitchen & Bourbon Bar
Southern Mac,17.50,Relish Craft Kitchen & Bourbon Bar
Chili Mac,17.50,Relish Craft Kitchen & Bourbon Bar
Steak Fries,5.00,Relish Craft Kitchen & Bourbon Bar
Potato Chips,5.00,Relish Craft Kitchen & Bourbon Bar
Southern Slaw,4.50,Relish Craft Kitchen & Bourbon Bar
Broccoli Salad,5.50,Relish Craft Kitchen & Bourbon Bar
Mexican Slaw,4.50,Relish Craft Kitchen & Bourbon Bar
Cheese Grits,5.00,Relish Craft Kitchen & Bourbon Bar
Sliced Apples,5.50,Relish Craft Kitchen & Bourbon Bar
Carolina Caviar,5.50,Relish Craft Kitchen & Bourbon Bar
Bacon Cheese Fries,6.50,Relish Craft Kitchen & Bourbon Bar
Black Beans,4.50,Relish Craft Kitchen & Bourbon Bar
Sweet Potato Fries,6.50,Relish Craft Kitchen & Bourbon Bar
Fresh Green Beans,4.50,Relish Craft Kitchen & Bourbon Bar
"Broccoli, cauliflower & red pepper mix",4.50,Relish Craft Kitchen & Bourbon Bar
Fried green tomatoes (side),6.50,Relish Craft Kitchen & Bourbon Bar
Mashed Potatoes,5.00,Relish Craft Kitchen & Bourbon Bar
Side House Salad,7.50,Relish Craft Kitchen & Bourbon Bar
Side Goat Cheese Salad,7.50,Relish Craft Kitchen & Bourbon Bar
Side Panzanella Salad,7.50,Relish Craft Kitchen & Bourbon Bar
Shrimp & Grits,19.50,Relish Craft Kitchen & Bourbon Bar
Fish Tacos,17.50,Relish Craft Kitchen & Bourbon Bar
BBQ Pork Ribs (1/2 rack),19.00,Relish Craft Kitchen & Bourbon Bar
BBQ Pork Ribs (full rack),28.00,Relish Craft Kitchen & Bourbon Bar
Country Fried Steak Platter,19.50,Relish Craft Kitchen & Bourbon Bar
Grilled OR Blackened Salmon,20.00,Relish Craft Kitchen & Bourbon Bar
Fish N Chips,19.50,Relish Craft Kitchen & Bourbon Bar
Fried Shrimp,20.00,Relish Craft Kitchen & Bourbon Bar
Relish Chicken Grill,18.00,Relish Craft Kitchen & Bourbon Bar
BBQ Pork Burrito Mojado,18.00,Relish Craft Kitchen & Bourbon Bar
Veggies for Dinner,17.50,Relish Craft Kitchen & Bourbon Bar
Three Finger Platter,16.00,Relish Craft Kitchen & Bourbon Bar
Dressings,0.00,Relish Craft Kitchen & Bourbon Bar
Creamy Tomato Basil Soup,8.50,Relish Craft Kitchen & Bourbon Bar
Chili (soup),8.50,Relish Craft Kitchen & Bourbon Bar
Soup & Salad Combo,15.50,Relish Craft Kitchen & Bourbon Bar
Scoop Salad,16.50,Relish Craft Kitchen & Bourbon Bar
Panzanella,16.00,Relish Craft Kitchen & Bourbon Bar
Mexican Grilled Shrimp Salad,19.50,Relish Craft Kitchen & Bourbon Bar
Carolina “Caviar” Salad,16.50,Relish Craft Kitchen & Bourbon Bar
Cobb Salad,17.50,Relish Craft Kitchen & Bourbon Bar
Kim’s Goat Cheese Salad,16.50,Relish Craft Kitchen & Bourbon Bar
Strawberry Fields,16.50,Relish Craft Kitchen & Bourbon Bar
Tuna or Chicken Salad Salad,18.50,Relish Craft Kitchen & Bourbon Bar
"Add to Any Salad - Chicken (grilled, blackened, or fried)",5.00,Relish Craft Kitchen & Bourbon Bar
"Add to Any Salad - Cod (grilled, blackened, or fried)",5.00,Relish Craft Kitchen & Bourbon Bar
Add to Any Salad - Shrimp (grilled or blackened),6.50,Relish Craft Kitchen & Bourbon Bar
Add to Any Salad - Salmon (grilled or blackened),8.50,Relish Craft Kitchen & Bourbon Bar
Cheeseburger,17.50,Relish Craft Kitchen & Bourbon Bar
Old Southern,18.50,Relish Craft Kitchen & Bourbon Bar
Piedmont,18.50,Relish Craft Kitchen & Bourbon Bar
Carolina Chili (burger),18.50,Relish Craft Kitchen & Bourbon Bar
Black & Blue,18.50,Relish Craft Kitchen & Bourbon Bar
Tony’s Bacon Jam Burger,19.00,Relish Craft Kitchen & Bourbon Bar
Santa Fe Burger/Chicken,18.00,Relish Craft Kitchen & Bourbon Bar
Hamburger/Cheeseburger (Kid's),8.50,Relish Craft Kitchen & Bourbon Bar
Mac & Cheese (Kid's),8.50,Relish Craft Kitchen & Bourbon Bar
Grilled Cheese (Kid's),8.50,Relish Craft Kitchen & Bourbon Bar
Grilled Chicken Breast (Kid's),8.50,Relish Craft Kitchen & Bourbon Bar
Fried Chicken Fingers (Kid's),8.50,Relish Craft Kitchen & Bourbon Bar
Fried or Grilled Cod (Kid's),8.50,Relish Craft Kitchen & Bourbon Bar
Doughnuts,8.50,Relish Craft Kitchen & Bourbon Bar
Chocolate Chess Pie (whole pie),24.00,Relish Craft Kitchen & Bourbon Bar
Chocolate Chess Pie (per slice),7.50,Relish Craft Kitchen & Bourbon Bar
Banana Pudding in a Jar,7.50,Relish Craft Kitchen & Bourbon Bar
Housemade Bread Service Parkerhouse Rolls,8,The Oak Raleigh
Oysters Rockefeller,5,The Oak Raleigh
NC Shrimp Cocktail,22,The Oak Raleigh
East Coast Oysters,4,The Oak Raleigh
Deviled Eggs,3,The Oak Raleigh
Roasted Bone Marrow,22,The Oak Raleigh
C.A.B. Tenderloin Tartare,20,The Oak Raleigh
Roasted Beets,16,The Oak Raleigh
Roasted Carrot Salad,9,The Oak Raleigh
Roasted Carrot Salad,17,The Oak Raleigh
Local Bibb Lettuces,7,The Oak Raleigh
Local Bibb Lettuces,11,The Oak Raleigh
Caesar,9,The Oak Raleigh
Caesar,15,The Oak Raleigh
Grilled Steak (Add),21,The Oak Raleigh
Grilled Shrimp (Add),16,The Oak Raleigh
Grilled Chicken (Add),13,The Oak Raleigh
Steak Frites,36,The Oak Raleigh
Local Catch,MKT,The Oak Raleigh
Cacio E Pepe Gnocchi,35,The Oak Raleigh
Braised Lamb Shank,48,The Oak Raleigh
Confit Duck Leg,42,The Oak Raleigh
Prime NY Strip Meatloaf,49,The Oak Raleigh
Oak Steakhouse Burger,24,The Oak Raleigh
Nueske's Bacon (Add),2,The Oak Raleigh
16oz Prime Boneless Ribeye,84,The Oak Raleigh
14oz Prime Boneless NY Strip,68,The Oak Raleigh
8oz Filet Mignon,63,The Oak Raleigh
10oz Hanger Steak,48,The Oak Raleigh
Grilled Shrimp (Add to Steak),18,The Oak Raleigh
Foie Gras (Add),20,The Oak Raleigh
Roasted Bone Marrow (Add),12,The Oak Raleigh
Coldwater Lobster,35,The Oak Raleigh
Coldwater Lobster,60,The Oak Raleigh
Oak Steak Sauce,2,The Oak Raleigh
Sauce Dianne,4,The Oak Raleigh
Au Poivre,4,The Oak Raleigh
Chimichurri,2,The Oak Raleigh
Cumberland,4,The Oak Raleigh
Bearnaise,3,The Oak Raleigh
Demiglace,4,The Oak Raleigh
Horseradish Cream,2,The Oak Raleigh
Horseradish-Miso Butter (Add),2,The Oak Raleigh
Red Wine Blue Cheese Butter (Add),4,The Oak Raleigh
Black Truffle Butter (Add),6,The Oak Raleigh
Joyce Farms Pork (Chop),38,The Oak Raleigh
New Zealand Venison (Chop),59,The Oak Raleigh
Australian Lamb (Chop),50,The Oak Raleigh
Roasted Shishito Peppers,14,The Oak Raleigh
Bone Marrow Frites,12,The Oak Raleigh
Braised Collard Greens,12,The Oak Raleigh
Yukon Gold Mashed Potatoes,12,The Oak Raleigh
Pan Roasted Mushrooms,16,The Oak Raleigh
Mac & Cheese,14,The Oak Raleigh
Lobster (Add),26,The Oak Raleigh
Barrel-Aged Old Fashioned,16,The Oak Raleigh
Oak Smoked Manhattan,16,The Oak Raleigh
Frezier Sprit,16,The Oak Raleigh
Belle Fleur,16,The Oak Raleigh
Big Garden Energy,16,The Oak Raleigh
Yabba Dabba,16,The Oak Raleigh
Mariner's Compass,18,The Oak Raleigh
The All Spice Affair,16,The Oak Raleigh
Flight of Old Fashioneds,40,The Oak Raleigh
Trophy Brewing Mort's Lager,10,The Oak Raleigh
Lynnwood Mosaic Pale Ale,10,The Oak Raleigh
Raleigh Brewing First Squeeze,10,The Oak Raleigh
Raleigh Brewing Hidden Pipe Porter,10,The Oak Raleigh
Mason Jar Pull Tab Pilsner,8,The Oak Raleigh
Blake's Triple Jam Hard Cider,8,The Oak Raleigh
Bill & Ted's Excellent Amber,9,The Oak Raleigh
Bell’s Two Hearted IPA,9,The Oak Raleigh
Trappistes Rochefort 10 Belgian Ale,16,The Oak Raleigh
Miller Lite,7,The Oak Raleigh
Heineken Non-Alcoholic,8,The Oak Raleigh
Athletic Brewing Free Wave Hazy IPA,8,The Oak Raleigh
Athletic Brewing Athletic Lite,8,The Oak Raleigh
Oak Chocolate Cake,18,The Oak Raleigh
Sticky Toffee Pudding Cake,15,The Oak Raleigh
Peanut Butter Pie,16,The Oak Raleigh
Persimmon Cheesecake,16,The Oak Raleigh
Baked Alaska,20,The Oak Raleigh
Trio of Housemade Ice Creams & Sorbets,4,The Oak Raleigh
Trio of Housemade Ice Creams & Sorbets,14,The Oak Raleigh
X Marks The Spot,18,The Oak Raleigh
Espresso Martini Affogato,18,The Oak Raleigh
Espresso Martini,15,The Oak Raleigh
Zero-Proof Espresso Martini,12,The Oak Raleigh
Black Manhattan,13,The Oak Raleigh
Last Word,13,The Oak Raleigh
Negroni,10,The Oak Raleigh
Daiquiri,10,The Oak Raleigh
Boilermaker,12,The Oak Raleigh
Oysters on The Half Shell,MP,The Oak Raleigh
Bone Marrow Boilermaker,20,The Oak Raleigh
Oysters Rockefeller,24,The Oak Raleigh
Deviled Eggs,8,The Oak Raleigh
Beef Tartare,18,The Oak Raleigh
Social Hour Burger,15,The Oak Raleigh
Steak Frites,38,The Oak Raleigh
Mini Lobster Rolls,55,The Oak Raleigh
